index,Unnamed: 0,discount,Home_policy_ind,m_living_status,m_ownership,df_prior_carrier,df_cov_package,df_cat_zone,quoted_amt,credit_score,number_drivers,num_loaned_veh,num_owned_veh,num_leased_veh,driver_age,n_safty_rating,car_age,n_car,lon,lat,state_id,Agent_cd,num_date,county_name,n_gender,max_high_edu
43,44,1,0,2,1,5,2,4,1601,724,1,3,2,1,51,90,4,2,-93.4296446,44.9019949,MN,28009950,1437404400,44,-1,1
53,54,1,1,1,0,8,1,2,4089,664,1,0,1,1,28,66,4,2,-80.2432839,25.9126818,FL,13469725,1431356400,81,-1,0
152,153,0,0,1,0,7,1,2,3300,659,2,2,1,1,50,42,6,2,-80.3992652,25.6653934,FL,13469725,1450191600,81,2,1
276,277,0,0,2,0,7,2,3,4024,682,1,1,2,2,66,81,5,2,-80.2209773,26.2153627,FL,63155143,1450105200,12,-1,1
306,307,0,0,0,0,7,1,2,4221,654,1,1,1,1,17,77,5,2,-73.9183464,42.8162941,NY,44347555,1463929200,0,-1,0
384,385,0,0,2,0,1,1,2,2203,723,1,3,1,1,38,74,4,2,-84.2542195,30.4305062,FL,19946144,1422802800,62,-1,1
730,731,0,0,0,1,0,0,0,4527,718,3,1,1,0,33,67,4,2,-74.1856472,40.7663804,NJ,28393634,1493305200,55,1,1
910,911,1,0,2,0,2,2,3,7276,617,3,1,1,0,43,64,4,3,-73.0346244,40.8085015,NY,92495499,1514905200,88,1,1
936,937,0,0,1,0,5,0,1,1303,767,2,1,1,1,48,75,7,1,-82.4427769,28.0563834,FL,62221276,1526655600,100,0,0
1105,1106,0,0,0,0,0,1,0,9383,549,3,2,1,1,37,45,3,2,-73.9447994,40.6285158,NY,99284448,1446476400,50,1,1
1232,1233,0,0,1,0,9,1,1,3432,670,2,1,2,1,46,69,4,4,-74.0916944,40.6047352,NY,83826679,1422198000,69,0,1
1386,1387,1,1,0,1,9,0,0,3149,676,1,0,1,1,18,82,4,3,-73.0818468,40.7368396,NY,33105135,1472310000,88,1,0
1408,1409,0,0,1,0,5,2,2,10215,502,1,2,1,0,47,81,6,3,-87.9383822,43.0738036,WI,13763026,1531753200,53,-1,1
1462,1463,1,0,1,0,5,1,1,4488,647,1,2,1,2,42,92,2,2,-75.0552739,39.7891108,NJ,95276379,1465398000,99,1,1
1528,1529,0,0,2,0,0,2,3,2393,652,1,1,3,1,57,86,6,2,-75.9065783,42.1017651,NY,97064309,1449154800,95,1,1
1632,1633,0,0,1,1,3,2,4,2500,638,1,1,1,0,49,65,5,2,-82.7616822,28.0910357,FL,48516700,1471100400,85,1,0
1685,1686,0,0,0,0,9,0,0,1233,751,2,3,3,1,36,79,5,3,-74.9968543,39.9021937,NJ,72727367,1438527600,99,0,1
1825,1826,0,0,1,0,0,0,1,2652,629,1,1,2,1,74,92,6,2,-74.4232507,40.7623187,NJ,77652197,1498402800,14,-1,1
2171,2172,1,1,1,0,9,2,3,3106,676,3,2,3,0,40,77,3,2,-82.5564559,28.0684157,FL,36046842,1445180400,100,1,1
2354,2355,0,0,1,1,5,2,4,8464,519,2,0,1,1,36,70,4,2,-73.9271644,40.6903213,NY,79871525,1542726000,50,2,1
2371,2372,1,0,1,0,9,0,1,952,758,2,0,3,0,51,70,4,2,-74.0799469,40.9094443,NJ,55864316,1513954800,93,-2,1
2523,2524,1,1,1,0,9,1,2,509,732,3,1,1,0,46,78,4,2,-74.1298684,40.7906667,NJ,20229240,1475938800,93,1,1
2579,2580,0,0,1,0,7,1,3,3987,605,2,1,2,0,58,88,4,2,-73.4828374,40.7470968,NY,23618291,1494774000,104,0,0
2713,2714,0,0,2,0,6,0,1,4003,682,1,1,2,2,65,90,4,2,-73.5211286,41.0699973,CT,94223462,1523804400,107,-1,0
2738,2739,1,0,1,0,5,1,1,6818,573,1,3,2,0,73,79,4,3,-73.8683697,40.8990767,NY,73458039,1454598000,1,1,1
2968,2969,1,0,2,0,6,1,1,3128,617,3,1,2,2,46,65,8,2,-73.1792125,41.1858661,CT,81956955,1435590000,107,-1,1
3130,3131,1,0,2,0,5,0,1,2601,635,1,0,2,0,40,92,6,2,-74.7249281,40.2242807,NJ,28215315,1539183600,63,1,0
3249,3250,0,0,2,0,7,1,2,1830,769,1,3,3,0,56,74,4,2,-78.8099472,42.9109033,NY,33105135,1473778800,67,-1,1
3485,3486,0,0,0,1,5,2,4,8160,514,5,2,3,0,25,71,5,3,-87.9873724,42.9678365,WI,52587537,1442588400,53,1,1
3569,3570,0,0,0,0,2,1,1,3806,616,3,2,1,1,32,65,5,2,-74.0270745,40.8773217,NJ,73426082,1483369200,93,1,0
3815,3816,1,1,0,1,0,0,0,4348,583,2,1,1,0,40,41,6,3,-78.8778946,42.9752741,NY,84945652,1455721200,67,0,0
3881,3882,0,0,0,0,3,2,3,7104,511,3,2,2,1,31,73,8,2,-73.1261091,40.9132244,NY,84733891,1480690800,88,-1,1
4053,4054,0,0,1,0,7,0,2,1404,714,1,1,1,1,42,91,5,4,-80.26001,26.2706389,FL,96550783,1441897200,12,-1,1
4190,4191,0,0,1,1,5,0,0,1919,779,1,0,1,0,45,80,5,2,-80.1484407,25.8535635,FL,16509296,1445785200,81,1,1
4328,4329,1,0,1,0,7,1,1,4789,666,1,1,2,2,63,77,3,1,-74.0094471,40.7217861,NY,67327957,1446217200,78,1,0
4362,4363,1,0,2,1,0,0,0,3486,660,1,0,3,1,40,87,5,2,-73.7977928,40.760743,NY,30906292,1461164400,29,1,1
4380,4381,0,0,0,0,7,2,3,20106,600,4,3,1,2,28,75,6,2,-73.6506776,40.7987048,NY,86979213,1454770800,104,0,1
4402,4403,0,0,2,0,6,0,4,3246,623,1,1,1,1,45,94,6,2,-82.24,30.06,FL,91865745,1533394800,21,-1,1
4444,4445,0,0,1,1,0,0,0,2113,695,1,0,2,0,47,62,6,2,-80.3045967,25.8641207,FL,13469725,1513522800,81,1,1
4622,4623,0,0,0,1,0,1,0,2544,720,3,0,1,0,37,71,5,3,-81.4114142,28.4889021,FL,29240034,1471618800,49,1,1
4744,4745,0,0,2,0,8,1,1,4967,654,1,2,1,2,41,64,4,2,-73.9991637,40.7536854,NY,25371043,1420124400,78,-1,1
4803,4804,1,1,2,0,5,0,1,851,727,1,2,2,1,46,57,4,2,-74.4232507,40.6137438,NJ,90316138,1483023600,98,1,0
4937,4938,0,0,1,1,2,0,0,3405,698,1,1,1,0,35,72,4,4,-73.9447994,42.8129576,NY,83174573,1469026800,0,-1,1
4993,4994,0,0,2,0,1,1,1,2258,696,1,1,3,0,74,58,4,2,-80.109357,26.5114554,FL,51583805,1518620400,97,1,0
5340,5341,0,0,2,0,5,2,4,8209,516,3,1,3,1,45,74,5,2,-73.8948295,40.6387196,NY,27547828,1485097200,50,-1,1
5353,5354,0,0,1,1,2,0,0,1872,729,3,2,1,0,30,78,6,2,-74.3792737,40.8822334,NJ,56477064,1456930800,14,-1,1
5378,5379,0,0,1,0,0,2,4,3626,666,3,1,1,0,36,63,5,2,-82.7940297,27.8131235,FL,20393952,1490194800,85,-1,0
5472,5473,0,0,0,1,0,1,0,5796,666,2,2,2,0,32,54,4,2,-74.0593872,40.0851765,NJ,79841505,1513436400,80,0,1
5696,5697,1,1,2,0,5,2,4,3519,703,2,1,1,0,49,82,4,2,-79.2815333,42.1099323,NY,61782099,1474729200,36,0,1
6046,6047,0,0,0,0,4,1,2,5780,620,3,2,1,0,27,50,6,2,-73.9418603,40.5860069,NY,99284448,1530543600,50,-1,1
6273,6274,0,0,0,0,3,1,0,2715,606,3,3,3,1,24,79,5,2,-73.9212858,40.7043156,NY,13428584,1439391600,50,1,0
6510,6511,1,1,1,1,7,0,3,3738,738,3,1,1,0,38,70,5,2,-81.7021049,26.1916102,FL,13469725,1428159600,111,1,1
6545,6546,1,0,0,1,3,1,3,2879,569,3,2,1,0,29,66,7,2,-93.3439291,44.825116,MN,87412086,1486220400,44,3,1
6607,6608,1,1,2,0,1,0,0,1844,794,1,1,1,0,46,88,5,1,-80.2823063,25.9445817,FL,47310293,1474556400,81,-1,1
6623,6624,0,0,1,1,6,0,1,5209,654,2,0,2,1,48,78,5,2,-83.6527972,32.8274424,GA,37069998,1518793200,47,0,1
6725,6726,1,0,0,2,5,1,2,921,737,2,1,1,1,32,87,6,2,-74.2296713,40.8589645,NJ,28393634,1482332400,55,0,1
7059,7060,1,1,1,0,3,1,2,1128,714,3,2,2,1,33,63,3,3,-80.0814292,26.4569636,FL,24000287,1426431600,97,-1,1
7082,7083,0,0,1,0,7,0,0,5018,658,3,1,1,1,47,74,6,2,-76.4830579,42.4467049,NY,45422531,1435935600,34,3,1
7253,7254,0,0,2,0,7,1,2,1647,735,3,2,1,1,43,61,6,2,-74.223802,40.5265593,NY,33105135,1451314800,69,-1,1
7388,7389,1,1,2,0,5,0,2,978,785,1,2,1,2,36,78,5,2,-82.6861446,28.0055309,FL,90495594,1506956400,85,-1,1
7417,7418,0,0,2,0,9,1,2,2801,707,1,2,2,1,62,50,5,2,-74.0623244,40.1030781,NJ,35570003,1460732400,4,-1,0
7420,7421,0,0,0,1,0,1,1,2564,592,2,1,1,0,33,70,9,3,-73.471054,40.7848157,NY,33105135,1482764400,104,0,1
7433,7434,0,0,2,0,2,0,1,1541,774,1,2,2,0,34,72,6,1,-74.3176876,40.6189813,NJ,71716861,1452870000,98,-1,1
7483,7484,0,0,1,0,0,0,0,510,739,3,0,2,0,41,56,8,3,-93.3003292,45.0551429,MN,41926877,1494687600,44,3,1
7792,7793,1,1,1,0,2,0,1,353,781,1,3,1,2,53,79,6,4,-74.4203192,40.3823028,NJ,28148761,1467558000,110,1,1
7833,7834,1,0,2,0,0,0,0,2144,638,2,1,3,0,46,81,6,3,-80.360297,25.7038331,FL,68586562,1426258800,81,0,1
7842,7843,0,0,1,0,5,2,4,12937,552,2,0,2,2,41,72,7,3,-84.238417,33.9851868,GA,87212576,1439823600,9,0,1
8059,8060,1,1,0,0,4,0,0,455,745,2,0,1,0,32,72,6,2,-82.7401087,27.8219579,FL,90495594,1540220400,85,2,1
8123,8124,0,0,2,0,7,1,2,6322,548,1,2,1,0,53,67,8,2,-73.8977693,40.8687887,NY,98104495,1436799600,1,-1,0
8158,8159,0,0,2,0,2,0,1,623,716,3,0,2,0,39,66,7,2,-75.1165915,39.9556147,NJ,72727367,1543417200,99,-1,1
8419,8420,0,0,1,0,5,0,0,3352,676,2,1,2,1,47,78,5,2,-73.9888797,40.948271,NJ,21218786,1469286000,93,0,1
8429,8430,1,0,1,0,5,0,0,1452,722,2,3,2,1,74,65,2,1,-75.0815557,39.9057907,NJ,88063617,1469631600,99,0,1
8676,8677,1,1,2,0,7,0,1,1078,623,2,0,1,2,44,62,6,3,-81.4285851,27.8565441,FL,48176726,1469026800,10,-2,1
8801,8802,0,0,2,1,2,1,2,4610,723,1,1,1,0,40,89,3,2,-74.7015158,40.8967137,NJ,77652197,1432998000,14,-1,1
8903,8904,0,0,0,1,6,0,1,853,768,1,2,3,2,18,70,6,2,-80.3352364,25.5527232,FL,37520067,1420729200,81,1,0
8970,8971,0,0,1,1,7,1,1,2806,672,1,2,1,0,61,53,5,2,-87.8598861,42.9460825,WI,30821916,1530802800,53,1,0
9060,9061,1,1,0,1,1,0,1,3430,651,1,1,2,0,18,84,4,2,-73.9418603,40.5860069,NY,15980951,1456153200,50,1,0
9191,9192,0,0,1,0,6,2,4,16763,539,1,1,2,0,65,89,6,4,-89.3084607,43.099931,WI,80715784,1544799600,65,-1,1
9344,9345,0,0,0,0,2,0,0,2110,591,4,1,2,0,35,76,5,3,-73.8477874,40.7901266,NY,78328194,1446649200,29,-2,0
9425,9426,1,1,2,0,8,0,0,1564,760,2,0,1,1,56,72,5,3,-80.2070328,25.7667897,FL,16509296,1435849200,81,0,1
9511,9512,1,0,1,0,0,3,0,2503,683,2,1,1,1,53,90,6,2,-75.2187346,43.0808833,NY,83052732,1463324400,68,0,1
9572,9573,0,0,1,0,4,0,1,1899,781,3,1,2,1,35,65,4,2,-93.0817473,44.9737443,MN,93829417,1439564400,84,-1,1
9790,9791,0,0,1,0,8,2,4,11123,620,1,2,1,0,47,90,5,3,-84.5064881,33.8806897,GA,43241271,1516719600,33,-1,1
10183,10184,1,1,2,0,5,0,0,5355,635,1,1,1,0,31,60,6,2,-87.9775787,44.5087986,WI,44472935,1545577200,74,-1,1
10409,10410,1,0,2,0,0,1,2,2546,639,1,2,1,0,58,70,6,2,-73.9888797,40.2947027,NJ,67527809,1468076400,4,1,0
10514,10515,1,1,0,0,5,2,3,5124,683,2,1,1,0,40,60,4,2,-73.9976946,40.6310753,NY,80118495,1422543600,50,2,0
10557,10558,1,1,0,0,8,0,0,4300,656,1,2,1,0,17,50,5,2,-80.2042436,25.7870967,FL,59115770,1458054000,81,-1,0
10638,10639,0,0,1,0,9,1,0,5313,658,1,1,2,2,30,72,4,2,-75.9065783,42.1017651,NY,64318746,1429974000,95,1,1
10728,10729,0,0,2,0,0,0,0,2833,668,1,1,1,0,49,47,3,1,-74.0358876,40.846514,NJ,63570788,1448895600,93,1,1
10853,10854,0,0,2,1,5,1,0,2862,682,1,1,1,0,45,65,4,2,-74.0946311,40.9041233,NJ,81250154,1533999600,93,1,1
10858,10859,1,1,0,0,2,0,1,8025,506,3,0,1,1,30,77,4,2,-80.1372757,25.8176795,FL,59115770,1517151600,81,-3,1
10906,10907,1,0,0,0,6,2,0,6526,570,1,3,1,1,16,68,4,2,-80.2711588,26.1544576,FL,59230335,1471705200,12,-1,0
11026,11027,1,1,2,1,1,1,0,2591,603,1,2,1,0,35,71,4,2,-72.2067681,41.7133607,CT,36136474,1504018800,11,1,0
11053,11054,0,0,0,0,0,1,2,1487,750,5,1,2,1,33,75,6,4,-80.1316927,26.6530817,FL,51583805,1514732400,97,-1,1
11176,11177,0,0,0,0,9,3,4,7712,533,4,0,2,0,35,68,7,2,-73.0346244,40.8380145,NY,96722034,1472828400,88,0,1
11584,11585,0,0,1,0,4,1,2,3307,607,2,1,1,0,44,85,5,2,-74.505312,39.3317283,NJ,72727367,1495724400,22,2,1
11675,11676,1,1,2,0,2,0,1,1042,765,2,3,1,1,72,78,4,2,-80.2671381,26.3343894,FL,96550783,1478012400,12,0,1
11687,11688,0,0,2,0,7,2,0,15930,589,1,1,1,0,40,53,4,2,-89.4600369,43.0716332,WI,30821916,1533135600,65,-1,1
11715,11716,1,0,2,0,4,0,0,1047,765,2,0,1,0,52,68,7,2,-93.3080409,44.9685475,MN,62506858,1430233200,44,0,1
11960,11961,0,0,1,0,4,2,2,1403,745,2,0,1,0,60,84,3,2,-80.2711588,25.7213213,FL,16509296,1544799600,81,0,1
12012,12013,0,0,1,0,2,1,0,2199,649,2,1,1,0,49,80,5,4,-74.3176876,40.4601511,NJ,20720350,1429714800,110,0,1
12186,12187,1,1,1,1,6,1,0,4475,651,1,1,1,1,43,72,8,2,-78.8241068,42.8954613,NY,33764179,1480431600,67,-1,1
12226,12227,0,0,0,0,7,1,1,5462,671,3,1,2,0,34,66,5,2,-73.9932872,40.7750791,NY,83930923,1444316400,78,-1,1
12230,12231,1,1,0,0,0,0,1,2823,667,4,2,1,1,41,70,4,4,-93.2693572,44.9836543,MN,41926877,1471273200,44,2,1
12582,12583,0,0,2,0,6,0,0,1662,752,2,2,1,0,48,80,6,2,-82.7023383,28.3031034,FL,56278786,1466521200,103,-2,1
13134,13135,0,0,2,0,3,0,0,1205,747,3,1,1,0,49,75,6,3,-74.1298684,40.8597746,NJ,72727367,1472050800,109,-1,0
13378,13379,0,0,1,1,9,0,0,1838,737,3,1,1,0,38,69,6,2,-80.0926014,26.6211772,FL,36021136,1542812400,97,-3,1
13442,13443,0,0,0,0,9,0,0,9131,617,1,1,1,0,17,51,7,2,-73.9095279,40.8310224,NY,52392414,1441551600,1,-1,0
13714,13715,0,0,2,0,7,0,1,1103,798,1,2,2,0,52,81,4,2,-73.7389596,40.7078289,NY,34672474,1473087600,29,-1,1
13722,13723,0,0,2,0,9,2,4,4876,633,2,3,3,0,54,62,5,2,-82.5456374,27.3681789,FL,64089550,1518620400,8,0,1
13803,13804,1,1,0,0,6,0,1,3543,660,5,1,2,0,30,62,2,2,-82.723924,27.791959,FL,20393952,1485442800,85,-1,1
13890,13891,0,0,0,0,0,0,0,5588,664,4,2,3,0,34,71,8,2,-73.9976946,40.6310753,NY,80118495,1485270000,50,-4,1
13916,13917,0,0,2,0,9,2,3,2472,684,2,1,1,0,48,86,5,2,-81.6555607,30.3276337,FL,71295163,1445871600,56,0,1
13994,13995,1,1,2,0,2,3,4,4195,689,2,3,1,0,42,73,7,2,-73.506402,40.6814503,NY,75588957,1528210800,104,0,1
14050,14051,0,0,1,1,6,1,2,2411,634,3,2,3,0,33,73,5,3,-81.3756862,28.5416658,FL,31802498,1538233200,49,1,1
14211,14212,1,1,2,0,0,1,4,1153,779,2,1,1,0,60,68,5,3,-74.1386767,40.6311567,NY,70603143,1539442800,69,0,1
14264,14265,1,1,2,1,3,1,0,3361,634,1,1,1,1,57,56,6,2,-74.1298684,40.830167,NJ,50513519,1466607600,109,-1,1
14444,14445,1,1,0,0,7,1,0,5119,666,5,1,1,1,32,77,3,1,-73.7830861,40.9926382,NY,53323320,1420297200,94,3,1
14497,14498,0,0,0,0,1,1,2,4205,686,4,1,2,0,22,58,6,2,-74.2149978,40.6517521,NJ,89335051,1539529200,98,2,1
14660,14661,0,0,2,0,5,2,1,3436,589,3,0,1,1,37,79,5,2,-80.1596041,26.0181766,FL,13469725,1470063600,12,1,1
14725,14726,0,0,2,0,2,0,0,1287,792,1,0,2,2,43,78,3,2,-74.1181234,40.7593718,NJ,82659665,1433689200,58,1,1
15159,15160,0,0,2,0,7,2,1,7325,582,2,1,1,2,47,78,5,2,-73.9095279,40.7224092,NY,77802714,1439218800,29,-2,1
15243,15244,0,0,0,0,5,0,1,4195,697,3,0,1,0,29,64,4,2,-73.7977928,40.6718171,NY,76271163,1490626800,29,-1,0
15245,15246,0,0,1,0,9,2,3,7637,566,1,1,2,0,49,84,3,2,-73.6918806,40.636775,NY,33105135,1433775600,104,-1,1
15503,15504,0,0,0,0,4,0,0,4920,644,2,1,1,0,40,76,6,2,-74.0094471,40.7366138,NY,98444667,1474902000,78,0,1
15807,15808,0,0,1,1,9,2,4,8311,499,1,2,1,0,81,92,4,2,-73.9447994,40.8409822,NY,22683706,1459868400,78,-1,0
15814,15815,1,1,0,0,2,1,0,4844,579,1,1,1,0,18,79,7,2,-72.6919814,41.7895977,CT,73414226,1442502000,16,1,0
15910,15911,1,1,1,0,4,1,0,517,720,1,3,2,1,69,71,4,2,-73.9859414,40.5749261,NY,79871525,1451574000,50,-1,1
16225,16226,0,0,2,0,4,1,2,2988,606,1,3,2,1,52,71,4,2,-73.9976946,40.6310753,NY,45682174,1477580400,50,-1,0
16532,16533,0,0,2,0,7,2,4,6559,535,1,1,1,0,48,68,5,2,-74.1181234,40.6307451,NY,33105135,1534431600,69,1,1
16609,16610,0,0,2,0,6,1,0,2071,650,1,2,1,0,39,80,2,2,-80.3992652,25.6653934,FL,68586562,1445698800,81,1,1
16744,16745,0,0,1,1,5,1,2,2466,578,1,3,2,0,48,77,4,3,-80.360297,25.7038331,FL,30936831,1515250800,81,-1,0
16780,16781,1,1,0,0,9,1,1,2606,653,2,0,3,2,30,75,6,2,-74.2824862,40.5545823,NJ,72727367,1544540400,110,0,1
16879,16880,0,0,1,0,6,1,1,1231,770,2,1,3,0,54,78,4,2,-82.6861446,28.0055309,FL,88252427,1481036400,85,0,1
16909,16910,0,0,0,0,3,1,1,2964,649,3,1,1,2,26,68,4,2,-74.45185,40.4861552,NJ,83907345,1479481200,110,1,0
16937,16938,0,0,2,0,1,2,4,3903,581,1,2,1,0,35,63,4,2,-80.0590804,26.6654996,FL,13469725,1424185200,97,1,0
17084,17085,1,1,0,0,0,1,1,1775,758,3,1,2,1,22,67,5,2,-93.1855735,44.9790183,MN,41926877,1479049200,84,1,0
17395,17396,0,0,0,1,5,0,4,728,786,2,2,2,0,42,50,5,2,-74.0593872,40.2448804,NJ,67527809,1472223600,4,0,1
17529,17530,0,0,1,0,9,1,1,1430,746,1,0,3,0,39,46,5,2,-73.0346244,40.8085015,NY,16153584,1471705200,88,-1,1
17592,17593,1,1,0,0,5,1,1,5883,613,5,0,2,0,35,68,5,4,-74.5873348,40.3379035,NJ,20720350,1469718000,110,-3,1
17745,17746,0,0,2,0,9,3,1,3693,624,1,1,2,1,54,56,8,2,-82.6321376,27.7929237,FL,20393952,1463583600,85,1,1
17976,17977,0,0,0,0,2,0,0,1890,812,5,1,3,0,30,62,7,2,-74.197388,40.7383636,NJ,72727367,1469977200,55,-1,1
18095,18096,0,0,2,0,7,2,4,4913,643,1,2,2,0,34,79,3,2,-93.1127413,44.9343827,MN,15885987,1434207600,84,-1,1
18305,18306,0,0,2,0,4,0,1,4603,622,2,2,2,2,66,91,5,2,-73.8124984,40.7850656,NY,93926952,1460559600,29,0,1
18307,18308,0,0,1,0,9,2,3,6918,575,1,1,2,0,45,92,6,2,-73.8713099,41.0102232,NY,57345641,1420988400,94,1,0
18398,18399,0,0,0,1,5,0,0,1219,718,3,1,1,0,21,52,5,2,-74.0079781,40.2114561,NJ,46279424,1432998000,4,-1,1
18586,18587,0,0,0,1,5,1,2,1055,685,4,2,3,1,34,72,4,2,-75.1370254,39.7292456,NJ,67451281,1480863600,24,2,1
18696,18697,0,0,1,1,3,1,0,3057,603,1,3,2,0,49,88,6,2,-74.0388252,40.9282671,NJ,57243398,1529420400,93,-1,1
18735,18736,0,0,1,1,2,0,0,1505,771,1,0,2,0,53,77,4,2,-74.4203192,40.3823028,NJ,73256483,1511103600,110,-1,1
18762,18763,1,1,1,0,2,2,4,11307,477,1,1,2,0,43,83,5,2,-73.6359602,40.6311473,NY,32759856,1539442800,104,1,0
18864,18865,0,0,2,0,4,3,0,2998,658,2,2,2,0,46,65,5,2,-80.1484407,25.8535635,FL,84927929,1529247600,81,0,1
19039,19040,0,0,1,2,2,2,3,965,770,1,2,1,1,49,27,4,2,-74.1856472,40.7663804,NJ,42190032,1473260400,55,1,1
19305,19306,0,0,2,0,5,2,0,2543,645,2,2,1,1,52,68,4,2,-74.2120629,40.7132136,NJ,42723465,1460818800,55,2,1
19382,19383,0,0,0,1,4,2,3,2782,681,2,1,1,0,34,84,7,2,-73.4298073,40.7245083,NY,23618291,1473865200,104,0,0
19606,19607,0,0,0,1,8,1,3,5788,665,2,3,3,2,25,83,4,2,-73.9212858,40.8721452,NY,33105135,1530889200,78,0,1
19658,19659,0,0,2,0,7,1,1,4155,658,1,2,2,0,51,75,5,3,-74.0094562,40.7064363,NY,83930923,1426863600,78,1,1
19702,19703,1,1,0,0,4,0,1,929,703,2,1,1,0,31,88,6,4,-74.1386767,40.9127904,NJ,72727367,1473692400,109,0,1
19705,19706,0,0,2,0,4,0,0,3149,649,1,0,2,0,42,66,6,2,-74.7775938,40.1163333,NJ,82557584,1429714800,39,-1,1
19898,19899,0,0,2,1,1,2,0,2473,613,2,2,2,1,44,82,5,2,-82.7293193,27.7514295,FL,13469725,1522594800,85,-2,1
20094,20095,0,0,1,0,4,1,1,5510,643,1,2,2,0,44,90,4,2,-73.6227136,40.8155959,NY,70496981,1469890800,104,1,1
20207,20208,0,0,0,0,0,2,2,17691,449,5,2,2,0,34,81,6,2,-84.3016021,33.8992049,GA,26320656,1499353200,73,-3,1
20253,20254,1,0,1,1,2,0,1,1682,740,3,1,1,0,32,64,5,2,-93.2599459,45.0563001,MN,61426762,1436367600,105,1,1
20458,20459,1,1,1,0,0,0,1,5116,654,2,0,1,0,50,80,4,2,-80.1763467,26.5861576,FL,90267114,1466089200,97,-2,1
20491,20492,0,0,1,1,1,0,0,4641,705,1,2,1,1,42,70,5,2,-80.2209773,26.2153627,FL,51210580,1466348400,12,1,1
20495,20496,0,0,1,0,2,1,1,3964,630,2,2,1,0,42,83,5,2,-81.3014284,28.5513952,FL,13469725,1517670000,49,0,1
20521,20522,0,0,2,0,7,0,0,1557,741,1,2,2,1,60,84,9,1,-73.9653715,40.6190629,NY,99153485,1503673200,50,1,1
20719,20720,1,1,2,0,0,0,0,1934,776,1,2,2,1,85,80,3,3,-74.2208673,40.7564795,NJ,87257709,1451228400,55,1,1
20991,20992,1,1,1,0,1,0,1,1362,775,1,1,3,0,46,78,6,2,-81.5706109,30.2906907,FL,52518245,1519916400,56,-1,1
21060,21061,0,0,1,0,5,0,0,2594,676,1,1,1,0,28,64,6,2,-74.2707509,40.5827122,NJ,15910446,1511535600,110,1,0
21283,21284,1,1,2,0,1,0,1,3183,696,1,1,3,0,47,71,4,2,-80.0926014,26.2474478,FL,48947678,1524322800,12,1,1
21373,21374,0,0,2,1,4,2,3,2064,672,2,1,1,0,56,68,7,2,-74.1328046,39.9278286,NJ,72727367,1433516400,80,-2,1
21583,21584,0,0,2,1,4,1,1,2805,648,1,1,1,1,33,94,4,2,-93.2524636,45.1688065,MN,95513683,1431702000,105,-1,1
21631,21632,0,0,1,0,3,2,4,5654,656,1,0,1,1,50,53,7,1,-93.0275802,44.8759802,MN,88028796,1487948400,108,1,1
21684,21685,0,0,2,0,1,1,2,4517,682,1,2,1,0,80,54,4,2,-81.5870604,30.3776024,FL,88260317,1465052400,56,-1,0
21742,21743,0,0,0,0,4,0,0,5129,646,2,1,3,2,39,72,8,2,-72.9934468,41.5399755,CT,75318741,1495810800,35,-2,0
21780,21781,1,1,2,0,3,2,2,5727,715,2,1,1,1,56,69,6,3,-74.2707509,40.5827122,NJ,72727367,1423148400,110,0,1
22120,22121,1,0,2,0,0,1,1,2426,625,1,1,1,0,44,66,2,2,-74.2868868,40.7199369,NJ,91975381,1426431600,98,-1,1
22255,22256,1,1,0,0,1,0,1,9763,517,2,1,1,1,44,55,4,4,-82.723924,28.0715767,FL,32780198,1444057200,85,-2,0
22435,22436,0,0,2,0,1,0,0,1656,715,1,1,1,2,47,88,5,2,-72.106068,41.3631426,CT,34547509,1423407600,32,-1,1
22575,22576,0,0,0,1,4,2,1,3990,616,4,2,1,0,30,70,6,3,-73.7095365,40.7430884,NY,76440669,1469631600,29,2,1
22950,22951,0,0,2,0,4,1,3,3610,649,2,2,1,1,40,69,6,2,-75.0932352,39.8821763,NJ,57316954,1473519600,99,2,1
23059,23060,1,0,1,1,0,0,0,2787,673,3,1,1,1,39,71,6,4,-82.5564559,28.0684157,FL,62221276,1468940400,100,-1,1
23259,23260,0,0,1,0,6,2,3,3617,613,2,2,1,1,60,85,4,2,-80.3491599,25.7616792,FL,30936831,1456844400,81,-2,1
23329,23330,0,0,2,0,4,0,0,4820,567,3,1,1,0,36,73,3,3,-81.3564411,28.334712,FL,98946096,1520866800,52,3,1
23428,23429,0,0,2,0,2,0,3,2576,675,3,1,2,0,42,67,5,4,-73.6683371,40.672917,NY,63287205,1439218800,104,3,1
23488,23489,0,0,0,0,0,0,0,2948,608,2,0,2,0,44,80,6,2,-93.2524636,45.1688065,MN,18283449,1481295600,105,-2,0
23795,23796,1,0,2,0,6,2,3,6313,470,2,2,2,0,48,94,5,2,-84.3016021,33.8992049,GA,88782607,1469458800,73,-2,1
23932,23933,0,0,2,0,3,0,1,583,755,3,1,1,0,31,74,4,2,-80.0590804,26.6654996,FL,90724904,1460818800,97,1,1
24067,24068,0,0,1,0,2,1,0,3730,674,2,0,2,0,48,80,6,2,-72.7865518,41.6881608,CT,33015616,1441378800,16,2,1
24536,24537,0,0,2,0,4,1,1,3325,630,2,1,3,1,51,80,6,2,-93.1640525,45.0122826,MN,41926877,1478098800,84,0,1
24574,24575,0,0,2,1,7,1,0,2765,635,2,3,2,1,46,62,4,2,-73.9109977,40.7633726,NY,27708633,1449068400,29,-2,1
25022,25023,0,0,1,0,7,0,1,1540,707,2,2,1,2,48,83,9,1,-75.040671,39.855156,NJ,95276379,1544626800,99,2,1
25194,25195,0,0,1,1,1,0,0,1542,702,1,1,2,0,47,87,6,2,-82.7023383,28.3031034,FL,77672298,1536591600,103,-1,1
25283,25284,1,0,2,0,0,1,2,1182,749,1,2,1,0,73,75,4,4,-93.2693572,44.9836543,MN,20996516,1457190000,44,-1,1
25344,25345,1,1,1,0,3,0,0,1398,750,1,0,1,0,55,85,6,2,-74.2678169,40.6640714,NJ,64643427,1446217200,98,1,1
25418,25419,1,1,0,1,2,1,2,5703,645,3,2,1,1,27,81,6,3,-74.0087126,40.7136487,NY,70100015,1473001200,78,-1,0
25610,25611,0,0,0,0,7,1,3,1699,760,1,1,1,1,18,67,8,2,-73.8918897,40.7594109,NY,78328194,1479999600,29,-1,0
25727,25728,1,1,1,0,8,0,1,3741,637,3,1,1,0,39,67,7,2,-73.6224729,40.7132609,NY,63287205,1468508400,104,1,1
25734,25735,0,0,2,1,2,2,1,7914,500,1,0,3,0,52,85,5,2,-73.9565551,40.6648278,NY,30932324,1423234800,50,1,0
25823,25824,1,0,1,0,0,2,3,2140,616,1,2,1,0,46,84,8,2,-73.9918181,40.7686973,NY,33105135,1440514800,78,1,1
26058,26059,0,0,2,0,8,1,2,2145,697,2,2,2,0,50,77,4,2,-81.3426916,28.6553497,FL,65940069,1448463600,15,2,1
26143,26144,0,0,1,0,3,1,0,1387,738,1,0,1,0,64,92,4,2,-93.3439291,44.9091984,MN,87412086,1457276400,44,1,1
26188,26189,0,0,2,0,8,0,0,2366,625,2,0,2,0,42,62,2,2,-80.2070328,25.7667897,FL,32209856,1447772400,81,0,1
26235,26236,0,0,2,0,7,1,1,3701,623,2,2,3,1,48,67,6,2,-73.7536695,40.6679426,NY,84706880,1436108400,29,0,1
26364,26365,1,1,0,0,9,2,0,31131,564,3,1,1,0,29,58,6,2,-84.4225186,33.7321902,GA,41405999,1498057200,19,-1,1
26393,26394,1,0,1,0,5,1,3,2943,657,3,1,1,0,47,77,5,2,-82.7886395,27.981827,FL,13469725,1516806000,85,1,1
26590,26591,0,0,1,1,5,0,2,1710,731,1,1,1,0,34,85,4,2,-74.955948,40.0223314,NJ,76250614,1486911600,39,-1,0
26707,26708,1,1,0,0,9,0,1,5075,578,2,2,1,1,44,54,5,2,-77.623931,43.1318593,NY,61703618,1470841200,26,2,1
26964,26965,0,0,0,2,8,0,0,614,738,2,2,2,1,40,70,5,2,-92.19,46.84,MN,79803467,1434207600,25,2,1
26977,26978,0,0,1,0,4,1,2,6900,594,2,2,2,0,56,82,7,2,-73.6918806,40.636775,NY,66259281,1473865200,104,2,1
27151,27152,0,0,0,0,5,1,0,2432,647,2,2,2,1,40,83,5,2,-80.1596041,26.2286939,FL,92637408,1466953200,12,2,1
27441,27442,0,0,0,0,6,0,2,2797,662,2,1,3,0,29,58,7,2,-81.3454417,28.5542151,FL,26916320,1423494000,49,0,1
27575,27576,1,0,0,0,7,2,1,33640,555,4,2,1,1,38,62,6,2,-87.9824758,43.1666739,WI,42197274,1523286000,53,-2,1
27698,27699,0,0,2,0,0,1,1,6416,523,2,1,1,0,54,62,5,2,-82.7886395,27.981827,FL,48516700,1535986800,85,0,1
27880,27881,0,0,2,0,0,0,1,2315,614,2,2,1,0,49,70,4,2,-80.1763467,26.1889227,FL,55351747,1475420400,12,0,1
27997,27998,0,0,2,0,9,1,2,1580,734,2,2,1,1,44,80,4,2,-74.2590148,40.749443,NJ,87257709,1475938800,55,0,1
28001,28002,0,0,1,0,6,2,4,10295,578,2,0,2,0,51,52,4,2,-86.7919009,33.4306545,AL,96624968,1431615600,45,0,1
28242,28243,0,0,1,0,2,0,1,2235,685,2,2,1,1,46,84,6,2,-74.7863698,40.2450268,NJ,60110677,1421247600,63,0,0
28288,28289,0,0,2,0,4,1,0,2073,661,1,0,2,0,50,79,4,3,-80.2153998,26.3494101,FL,27522179,1432738800,97,1,1
28299,28300,0,0,2,0,4,2,4,3702,633,3,2,2,0,36,70,7,2,-73.7889689,40.9492193,NY,68907621,1427295600,94,1,0
28313,28314,0,0,1,0,8,0,1,36066,545,1,2,2,0,52,49,6,2,-88.02,44.4799999,WI,30821916,1489503600,74,1,1
28881,28882,0,0,2,0,4,0,1,3183,619,1,1,1,0,43,57,4,3,-80.3045967,25.8641207,FL,59115770,1437490800,81,1,0
28924,28925,0,0,1,0,0,0,2,2021,624,1,2,1,0,76,73,6,2,-82.6753466,27.8185373,FL,47117694,1429110000,85,-1,1
29097,29098,0,0,2,1,4,0,3,5782,688,1,0,3,0,49,78,7,2,-73.2116584,41.1687117,CT,81656329,1437404400,107,1,1
29147,29148,1,1,1,0,7,0,0,4541,689,2,1,1,0,42,79,4,2,-73.859549,40.9199758,NY,34175014,1469890800,94,2,1
29197,29198,0,0,2,0,8,1,2,3765,696,2,0,2,1,41,74,4,2,-73.706594,40.7006866,NY,75588957,1517065200,104,2,1
29261,29262,0,0,1,1,4,1,1,2376,687,1,2,1,1,44,46,5,2,-74.0123851,41.0991263,NY,42835844,1460905200,86,1,1
29715,29716,0,0,0,0,0,1,0,2350,657,5,2,2,1,28,75,6,2,-73.9697795,40.7593941,NY,86295685,1479222000,78,-1,1
29844,29845,0,0,2,0,1,0,1,4077,707,1,2,1,1,69,78,3,2,-72.7629126,41.752238,CT,33015616,1462892400,16,1,1
29889,29890,1,1,0,0,0,0,3,927,735,3,1,2,0,31,71,5,2,-74.3646122,40.6254814,NJ,72727367,1422630000,98,1,1
30091,30092,0,0,1,0,2,1,0,4167,674,3,0,1,1,39,80,3,2,-79.2815333,42.1099323,NY,33105135,1475852400,36,-1,1
30211,30212,1,1,2,0,5,0,1,5709,611,1,1,3,0,55,86,2,2,-74.197388,40.7235275,NJ,51518418,1471359600,55,1,1
30280,30281,0,0,1,1,7,2,4,6394,539,2,0,1,1,48,86,6,2,-80.2934522,26.0272663,FL,51210580,1494082800,12,-2,1
30405,30406,0,0,1,1,3,2,4,34172,540,2,1,2,1,56,81,6,2,-84.3804888,33.7971137,GA,82851084,1429196400,19,2,1
30590,30591,0,0,1,1,4,1,2,7451,478,1,1,1,1,53,71,7,2,-73.1231585,40.8169046,NY,32919062,1501599600,88,1,1
30903,30904,1,1,2,0,2,2,4,5783,611,3,3,2,0,37,58,7,3,-73.3531852,40.7181416,NY,95505089,1464966000,88,3,1
30958,30959,1,1,2,0,2,0,0,1987,775,1,2,1,2,42,78,5,2,-73.9918181,40.7686973,NY,79542558,1427641200,78,-1,1
30969,30970,0,0,1,1,4,1,1,5157,629,2,1,3,0,54,60,5,2,-74.0887576,40.7008528,NJ,14142946,1514905200,58,2,0
31005,31006,0,0,2,0,9,1,2,4288,622,1,2,2,0,56,80,7,2,-74.0593872,40.9877985,NJ,76330645,1425654000,93,1,1
31099,31100,0,0,1,0,0,0,1,4300,646,1,3,3,0,62,75,6,3,-73.9569225,40.7449081,NY,34715556,1433516400,29,1,1
31243,31244,0,0,2,0,2,0,1,1695,786,1,1,1,0,59,55,7,2,-74.2120629,40.8811718,NJ,77414412,1437404400,109,-1,1
31354,31355,1,1,0,0,5,0,4,1622,702,2,0,1,1,28,75,4,3,-74.5873348,40.3379035,NJ,72727367,1453561200,110,0,1
31363,31364,0,0,1,1,6,1,1,4985,557,2,1,1,1,36,60,5,2,-82.6321376,27.7346248,FL,70032985,1489590000,85,0,1
31391,31392,0,0,1,1,4,2,1,24361,512,1,2,1,1,52,95,5,2,-81.97,33.47,GA,56595001,1474124400,43,1,1
31466,31467,0,0,1,1,1,2,4,3794,672,1,2,3,0,47,54,5,2,-82.7428057,28.0056225,FL,13181819,1430578800,85,1,1
31496,31497,0,0,2,0,6,0,0,1551,724,2,2,1,0,43,72,4,2,-80.1372757,26.0517448,FL,22444431,1484751600,12,0,1
31619,31620,0,0,1,1,7,0,0,1057,758,2,1,2,2,42,64,6,2,-74.1269322,41.0145518,NJ,41514566,1438527600,93,0,1
31780,31781,0,0,1,0,7,2,4,2917,588,2,2,2,0,46,80,6,2,-73.7977928,40.592658,NY,67191981,1465052400,29,2,1
31868,31869,0,0,0,0,2,1,1,16395,599,3,1,2,0,36,71,4,2,-84.377861,33.7440941,GA,16804559,1430406000,19,1,1
32020,32021,0,0,2,0,0,1,3,1790,775,2,1,2,0,42,72,3,2,-80.3352364,25.8925211,FL,68730694,1424703600,81,-2,1
32079,32080,0,0,1,0,2,1,1,3127,573,1,2,1,0,47,71,4,4,-73.8095574,40.7031635,NY,27708633,1435503600,29,-1,0
32092,32093,0,0,2,0,5,1,0,12904,593,1,0,3,0,56,43,6,2,-73.9498789,40.7693198,NY,46035563,1463756400,78,1,0
32181,32182,1,0,1,0,4,1,1,436,730,2,1,1,0,35,73,7,3,-75.0698754,39.8388611,NJ,92780431,1440342000,99,-2,1
32311,32312,0,0,2,1,8,2,3,8139,534,3,0,2,0,40,70,5,3,-88.0020589,43.1088758,WI,23011604,1481122800,53,1,1
32476,32477,0,0,1,0,1,1,0,5466,622,3,0,2,1,41,72,6,2,-73.6227136,40.8155959,NY,32759856,1543244400,104,1,1
32487,32488,0,0,1,0,4,1,3,2055,645,2,2,2,1,58,72,6,2,-74.0094471,40.6772802,NY,79871525,1537628400,50,0,1
32939,32940,0,0,2,1,9,2,4,6175,474,2,0,1,1,42,72,3,2,-73.8477874,40.8690303,NY,35538411,1447599600,1,-2,1
33065,33066,0,0,2,0,5,0,1,451,793,2,0,1,0,50,71,2,2,-74.197388,40.7383636,NJ,87257709,1541689200,55,0,1
33195,33196,0,0,1,0,9,0,0,1222,803,1,2,1,0,33,83,3,2,-73.6477342,40.692165,NY,75588957,1477494000,104,1,1
33227,33228,1,0,1,0,1,0,2,3221,671,1,1,2,0,50,69,5,1,-80.1819268,26.0197012,FL,96550783,1441465200,12,-1,1
33445,33446,0,0,2,0,0,0,1,875,792,1,2,3,0,36,58,5,2,-74.1181234,40.9370006,NJ,81250154,1518274800,93,-1,1
33619,33620,0,0,2,1,0,0,1,5269,614,2,3,2,0,48,57,5,2,-82.7077354,27.8435655,FL,32780198,1448722800,85,-2,1
33950,33951,0,0,1,0,7,2,3,6947,566,1,3,3,0,37,84,2,2,-82.7428057,28.0056225,FL,72547142,1540738800,85,-1,1
34008,34009,1,1,1,0,5,0,1,1237,783,2,1,2,0,62,62,7,1,-72.7038047,41.743111,CT,65647594,1527778800,16,2,1
34153,34154,0,0,1,0,4,1,0,5848,640,2,1,3,0,54,73,4,2,-80.360297,25.7858514,FL,24794622,1440860400,81,2,1
34186,34187,1,1,2,0,2,1,4,1117,799,2,1,2,0,47,59,4,2,-74.4261821,40.502468,NJ,61987933,1479567600,110,2,1
34225,34226,0,0,0,0,8,1,2,2538,647,2,0,2,0,27,82,6,3,-80.1819268,25.8909628,FL,84927929,1425135600,81,-2,0
34241,34242,0,0,0,0,2,1,2,3039,698,2,0,2,0,33,71,6,2,-73.9947563,41.0229118,NJ,63570788,1446303600,93,2,1
34253,34254,0,0,1,2,5,1,4,4793,571,2,1,1,2,50,73,4,2,-74.9968543,39.9524427,NJ,69068716,1470322800,39,0,0
34268,34269,0,0,1,0,0,1,1,4689,680,2,3,1,0,46,82,3,2,-73.8477874,40.9675084,NY,60150704,1480604400,94,0,0
34277,34278,0,0,1,0,0,1,2,1987,807,1,0,2,0,44,94,4,2,-73.9976946,40.8485005,NJ,72727367,1430665200,93,-1,0
34286,34287,0,0,0,0,6,1,3,3237,661,2,2,1,2,36,67,5,2,-82.4590282,28.0165404,FL,37738931,1421938800,100,0,1
34459,34460,0,0,1,0,4,1,2,3205,623,3,1,3,0,35,74,5,2,-73.49462,40.6599676,NY,70496981,1471705200,104,-1,0
34661,34662,0,0,2,2,0,1,3,5190,645,2,2,1,0,39,78,2,2,-73.1792125,41.1858661,CT,48368140,1434466800,107,0,1
34947,34948,0,0,0,1,7,0,0,1294,728,2,1,1,0,48,51,4,2,-93.2616717,44.9605503,MN,62506858,1438873200,44,0,1
34999,35000,0,0,1,1,5,0,1,1081,726,1,0,1,2,52,51,6,2,-75.0932352,39.8670843,NJ,88063617,1422975600,99,-1,0
35202,35203,0,0,2,0,2,1,1,4764,652,2,0,1,1,42,82,4,2,-74.2040745,40.6669059,NJ,90316138,1469718000,98,0,1
35260,35261,1,1,2,0,2,1,0,10951,542,3,1,1,0,46,73,6,2,-77.6936948,43.168856,NY,33197823,1461078000,26,-3,1
35323,35324,0,0,1,1,5,2,4,11818,563,2,2,2,0,54,84,4,2,-74.1386767,40.6311567,NY,37485080,1420729200,69,-2,1
35374,35375,0,0,1,1,3,2,4,6553,537,2,1,1,1,48,78,6,2,-87.8304145,42.564798,WI,55349456,1421679600,102,2,0
35417,35418,0,0,2,0,9,1,3,1877,787,2,1,2,0,58,74,6,2,-74.197388,40.4359539,NJ,31741634,1430578800,4,0,0
35608,35609,0,0,2,1,5,1,1,3730,660,2,2,2,1,45,76,5,2,-75.0932352,39.8821763,NJ,43127717,1475161200,99,-2,1
35633,35634,0,0,1,0,7,2,4,2465,704,2,3,3,0,42,74,7,2,-82.3289111,29.6422516,FL,57781485,1540393200,18,2,1
35637,35638,1,0,2,0,7,2,0,24597,502,1,0,2,0,64,81,6,3,-83.3742647,33.9517842,GA,66720007,1540998000,75,-1,1
35675,35676,0,0,0,0,1,2,3,14079,584,3,0,1,0,36,61,1,1,-84.3804888,33.7971137,GA,94252958,1461337200,19,1,0
35758,35759,0,0,1,0,3,1,1,1420,786,1,2,1,1,60,76,5,3,-73.7860276,40.6997834,NY,68586884,1544886000,29,1,0
36053,36054,0,0,2,0,4,0,0,1750,744,1,2,2,0,56,70,5,1,-73.7213063,40.7349144,NY,27708633,1444662000,29,-1,0
36630,36631,0,0,2,1,4,1,1,5478,638,1,1,2,1,45,80,5,2,-73.9447994,40.6285158,NY,13428584,1445871600,50,-1,0
36669,36670,0,0,1,0,0,1,0,4240,705,1,1,1,0,43,84,5,1,-78.8920444,42.9165666,NY,45837420,1454943600,67,1,1
36720,36721,0,0,1,1,5,2,4,559,775,1,2,3,2,43,71,6,2,-74.1298684,40.9583569,NJ,73426082,1472828400,93,-1,0
36915,36916,1,1,1,0,4,2,2,8319,550,1,1,1,2,47,85,3,2,-73.9976946,41.2025267,NY,36170209,1514905200,86,1,0
37097,37098,0,0,0,0,5,2,2,16773,529,1,1,2,0,19,37,4,2,-89.4245627,43.0690343,WI,47702303,1509548400,65,1,0
37118,37119,0,0,1,1,4,2,2,3532,656,1,0,2,0,48,74,6,2,-82.7940297,27.8131235,FL,20393952,1420729200,85,1,0
37312,37313,0,0,0,0,2,1,0,1133,778,1,3,1,0,27,82,6,2,-74.1650991,40.7758541,NJ,48773651,1421938800,55,1,0
37503,37504,1,1,0,0,2,1,2,1171,707,4,1,1,2,28,63,4,4,-77.6120835,43.153975,NY,97415734,1475938800,26,4,1
37534,37535,0,0,1,0,0,0,1,1669,729,1,2,3,0,31,64,4,2,-80.2377078,25.7307897,FL,40473881,1424617200,81,1,1
37670,37671,1,0,2,0,4,1,2,940,809,2,2,2,0,54,69,6,1,-80.360297,25.7038331,FL,37520067,1433862000,81,2,1
38091,38092,0,0,2,0,5,0,0,2738,631,1,2,1,1,52,83,4,2,-74.1298684,40.9583569,NJ,20229240,1496156400,93,1,1
38160,38161,1,1,0,0,4,0,3,1226,730,3,1,2,0,25,58,8,2,-74.0916944,40.8519315,NJ,20229240,1473087600,93,-1,1
38180,38181,1,1,1,1,4,2,4,4990,678,1,1,1,0,44,62,5,3,-73.1025036,40.7325535,NY,50570748,1514041200,88,-1,1
38247,38248,0,0,1,0,7,2,4,2051,610,1,2,1,1,43,43,3,2,-73.9800645,40.7275043,NY,26036567,1437750000,78,1,0
38446,38447,0,0,1,1,3,1,2,663,777,1,0,3,1,75,73,6,2,-93.1640525,45.0122826,MN,22610413,1478185200,84,1,0
38449,38450,1,1,2,2,3,2,3,4671,615,1,0,1,1,42,71,5,2,-87.997164,42.9388315,WI,52587537,1449414000,53,-1,1
38484,38485,0,0,2,1,0,0,0,4696,628,2,1,1,0,40,70,5,3,-73.7330753,40.8007661,NY,33958256,1486134000,104,0,1
38593,38594,0,0,2,0,7,1,2,6980,522,1,1,3,2,49,78,4,3,-73.7889689,42.6356581,NY,90177904,1498575600,5,-1,1
38627,38628,0,0,1,0,4,1,2,2346,652,1,1,1,1,50,84,4,2,-93.0962099,44.9908014,MN,23720633,1421506800,84,1,1
38786,38787,1,1,0,1,3,0,0,3025,606,2,1,1,0,30,74,3,2,-73.8213213,40.9071072,NY,22064531,1458745200,94,0,1
38894,38895,0,0,1,0,4,0,0,3655,579,2,1,1,0,56,68,2,2,-76.1473156,43.0481645,NY,38575335,1456585200,13,0,1
39205,39206,0,0,2,0,5,2,2,4349,669,1,1,3,0,63,82,4,2,-74.0447003,41.03737,NJ,25989676,1427382000,93,-1,1
39221,39222,1,1,0,1,2,0,0,3984,625,2,1,2,0,40,48,2,2,-73.9525825,40.8032131,NY,98444667,1460905200,78,2,0
39228,39229,0,0,1,1,2,0,3,1351,776,1,1,1,1,40,73,5,3,-74.955948,39.8817088,NJ,68837110,1546009200,99,1,0
39240,39241,0,0,2,1,3,1,0,2757,641,2,1,3,0,50,56,4,2,-75.0319086,39.9671069,NJ,83198824,1465657200,99,0,1
39281,39282,0,0,1,0,9,0,0,2500,582,1,0,2,0,58,48,4,1,-73.8330844,40.6966538,NY,67191981,1455462000,29,1,1
39358,39359,1,1,0,1,5,0,2,4189,626,3,0,3,0,35,67,3,2,-73.9447994,40.5988077,NY,23711545,1446822000,50,-1,0
39590,39591,0,0,1,0,9,2,2,2888,708,1,2,2,2,40,74,7,2,-73.9565551,40.6945036,NY,79871525,1431270000,50,-1,0
39745,39746,1,0,2,1,3,1,2,3808,621,1,1,1,1,38,42,4,2,-84.377861,33.7440941,GA,94252958,1460991600,19,-1,0
39751,39752,1,0,2,0,5,1,1,3109,609,1,1,1,1,48,82,5,3,-93.2409552,44.9669685,MN,21831603,1423926000,44,1,1
39889,39890,0,0,1,1,3,0,2,911,767,1,1,2,0,53,90,7,3,-74.3792737,40.8822334,NJ,23713663,1539702000,14,1,1
40306,40307,0,0,0,1,9,2,1,10521,481,2,0,1,1,36,78,7,3,-72.9047136,41.3469288,CT,75006485,1508770800,35,2,1
40469,40470,0,0,0,0,2,0,1,5961,673,2,2,3,0,38,78,6,2,-74.1122506,40.0876046,NJ,72727367,1440255600,80,2,1
40640,40641,1,0,1,1,2,0,0,999,760,1,2,2,0,49,60,6,3,-74.7775938,40.1163333,NJ,61366825,1518102000,39,-1,1
41179,41180,1,0,2,1,0,3,1,6069,571,2,0,3,0,50,82,6,2,-74.1298684,40.5729336,NY,83826679,1493391600,69,2,1
41358,41359,1,1,0,0,7,0,0,3151,647,6,0,3,0,27,60,5,3,-73.9888797,40.948271,NJ,63570788,1483023600,93,-4,1
41420,41421,1,1,1,0,0,2,0,8923,492,2,1,2,0,42,80,8,2,-74.0021019,40.7071498,NY,14091908,1458054000,78,2,1
41503,41504,0,0,2,0,6,0,1,1589,745,2,3,3,0,56,84,6,2,-87.2170395,30.4580512,FL,31099855,1540652400,79,0,1
41606,41607,1,1,2,0,7,1,1,3541,611,2,2,1,0,54,62,4,2,-73.9653715,40.8562383,NJ,98501067,1455289200,93,-2,0
41886,41887,0,0,2,1,1,0,1,1421,756,2,1,3,0,46,44,5,3,-82.3126294,27.956046,FL,84625500,1476716400,100,0,1
41908,41909,0,0,2,0,1,2,4,16300,491,2,3,2,0,38,89,8,2,-87.8697056,42.9754355,WI,42197274,1506438000,53,-2,1
41916,41917,0,0,1,0,0,1,2,6638,521,1,0,2,1,93,74,5,2,-73.7110078,40.7568752,NY,44747958,1499698800,29,1,1
42047,42048,0,0,1,0,1,1,1,2011,615,1,1,1,1,28,97,5,4,-80.1596041,25.7138002,FL,16509296,1452524400,81,1,0
42066,42067,0,0,1,0,1,0,2,2225,633,2,2,2,0,48,72,4,2,-82.5889012,27.4872771,FL,79584019,1433689200,2,-2,1
42094,42095,0,0,1,0,8,0,0,2586,674,1,0,1,1,66,61,5,2,-80.0926014,26.3058811,FL,59230335,1447599600,12,-1,1
42109,42110,0,0,1,0,5,0,0,5326,671,1,0,1,0,44,66,5,2,-73.6683371,40.672917,NY,33958256,1478530800,104,-1,0
42251,42252,0,0,1,0,9,2,3,3799,663,1,1,2,1,56,73,4,2,-87.8647961,42.9121206,WI,52587537,1439478000,53,-1,1
42267,42268,1,1,0,0,7,0,1,782,790,2,3,2,0,32,69,4,2,-74.2149978,40.6517521,NJ,41919201,1464620400,98,0,0
42543,42544,1,0,0,0,7,2,4,7026,565,2,1,1,1,39,72,4,2,-78.7323802,42.9733855,NY,27848210,1461855600,67,0,1
42690,42691,1,1,1,0,2,2,4,6036,577,2,0,3,0,54,72,6,2,-73.9212858,40.7043156,NY,33105135,1434985200,50,0,1
42928,42929,0,0,1,0,6,1,2,3890,681,2,2,3,0,42,42,5,2,-81.614468,30.2018746,FL,68447890,1492354800,56,2,0
43184,43185,1,1,1,1,2,1,2,1683,733,2,1,2,0,44,76,4,2,-73.1231585,40.8169046,NY,95505089,1431961200,88,0,1
43321,43322,0,0,1,0,0,0,0,1017,714,1,1,2,1,44,85,6,2,-77.6221091,43.1491054,NY,14414653,1507820400,26,-1,0
43501,43502,0,0,2,0,4,1,1,2561,613,1,1,3,0,82,54,4,2,-73.8477874,40.8690303,NY,52392414,1520953200,1,-1,0
43656,43657,0,0,1,1,7,1,0,3721,608,2,2,1,2,60,82,6,3,-72.8456399,40.8093249,NY,50570748,1446822000,88,0,1
43659,43660,0,0,1,0,7,1,1,7244,563,1,2,1,1,51,62,4,2,-73.7419017,41.0112762,NY,22064531,1446390000,94,1,1
43788,43789,0,0,2,0,5,1,2,2097,626,2,1,3,0,56,67,6,2,-81.6418656,30.346791,FL,50125954,1454079600,56,0,1
43840,43841,0,0,0,0,0,1,1,3580,720,2,1,1,1,38,78,4,2,-74.0828839,41.1091091,NY,48597571,1462978800,86,-2,1
43896,43897,0,0,0,1,5,1,0,4204,695,1,1,2,0,18,81,4,4,-87.2922927,30.4056563,FL,68704901,1467212400,79,1,0
43904,43905,0,0,1,0,6,1,3,1552,716,1,0,1,0,39,72,5,2,-73.4386466,41.0676906,CT,77602110,1433170800,107,1,1
43999,44000,0,0,0,1,4,1,0,3460,641,4,3,1,0,27,56,4,2,-73.8448469,40.6736207,NY,34672474,1511794800,29,-2,0
44156,44157,0,0,1,0,4,0,2,1510,710,2,1,2,0,52,74,5,2,-74.4379073,40.4494047,NJ,15910446,1450882800,110,0,1
44248,44249,0,0,2,0,5,2,0,10327,435,1,2,3,1,40,55,5,3,-73.8213213,40.7493096,NY,36479911,1452265200,29,1,1
44374,44375,1,1,2,0,3,0,1,3799,699,2,2,1,0,54,82,4,3,-75.1253492,39.8888931,NJ,88063617,1431702000,99,0,1
44613,44614,0,0,0,0,2,1,1,1427,720,3,2,3,1,27,70,5,2,-74.7483371,40.222434,NJ,65390982,1464879600,63,1,1
44619,44620,0,0,1,0,5,0,0,1965,811,2,1,2,0,52,53,5,4,-74.0828839,39.9483893,NJ,76579262,1424617200,80,0,1
44640,44641,1,1,0,1,4,1,1,2271,568,2,2,1,2,32,61,6,2,-73.8977693,40.9180569,NY,37080761,1476284400,94,0,1
44840,44841,0,0,2,1,4,1,1,3118,605,1,1,1,1,47,89,5,2,-80.1261093,25.8871575,FL,47310293,1481468400,81,-1,1
44951,44952,1,0,2,1,0,1,0,2641,612,1,1,3,0,69,80,6,2,-80.3352364,25.8925211,FL,13469725,1517756400,81,1,0
44972,44973,0,0,0,1,6,0,2,1710,750,3,2,1,1,39,66,6,3,-82.5158778,27.9410535,FL,37738931,1450364400,100,1,1
45140,45141,0,0,2,1,4,1,2,3541,668,2,3,1,0,42,82,5,2,-73.9521468,40.7766412,NY,33105135,1459522800,78,2,1
45153,45154,1,1,0,1,5,1,0,2227,544,2,1,1,1,32,72,5,2,-73.8213213,40.7295546,NY,33105135,1426690800,29,0,1
45208,45209,1,1,1,2,5,1,3,3982,583,2,1,2,0,50,78,4,2,-74.0329499,40.6212119,NY,45682174,1542207600,50,0,1
45240,45241,0,0,0,0,4,1,2,11996,567,1,1,2,0,17,65,5,4,-73.7536695,40.6679426,NY,34672474,1532530800,29,1,0
45267,45268,0,0,1,1,5,1,1,3300,672,1,1,3,0,50,89,4,3,-76.0072749,43.0747792,NY,38271061,1504450800,13,-1,1
45347,45348,0,0,2,0,2,2,4,14122,511,1,0,1,2,75,83,5,1,-73.8124984,40.6764003,NY,33105135,1508079600,29,1,0
45820,45821,0,0,0,0,5,2,4,6973,588,2,0,1,0,32,76,2,2,-73.8330844,40.9383349,NY,48549300,1429023600,94,0,0
45997,45998,1,1,1,0,5,1,4,6341,514,1,2,1,0,72,88,6,2,-88.0167406,44.4812116,WI,30911790,1466002800,74,1,1
46057,46058,0,0,1,2,5,0,1,2535,637,1,1,3,0,41,83,4,2,-73.706594,40.7006866,NY,75588957,1441638000,104,-1,1
46123,46124,0,0,1,0,2,0,0,1642,779,1,1,1,0,53,76,3,2,-75.0903154,39.9546859,NJ,72727367,1490713200,99,-1,1
46268,46269,1,1,1,0,2,1,2,2277,584,1,0,1,0,30,50,6,2,-93.3364004,45.0167268,MN,28009950,1526569200,44,1,1
46270,46271,1,1,1,0,2,1,1,13847,555,1,2,2,0,68,84,6,2,-86.8671989,33.5053544,AL,89956217,1438095600,45,1,1
46375,46376,0,0,1,0,4,0,0,563,789,2,1,3,0,54,71,4,2,-74.4818698,39.3386704,NJ,56620081,1461682800,22,0,1
46541,46542,1,0,0,0,5,2,4,1746,759,3,1,1,0,32,61,6,4,-87.2170395,30.4580512,FL,18175888,1483714800,79,1,1
46588,46589,0,0,0,0,0,0,1,2016,695,2,3,3,0,36,67,5,2,-74.0270745,40.773694,NJ,72727367,1444748400,58,0,1
46609,46610,0,0,1,1,7,0,0,1547,740,1,1,1,0,53,92,4,3,-93.6344466,44.9353307,MN,28009950,1459868400,44,-1,1
46712,46713,1,1,0,1,5,0,1,2125,664,4,1,1,0,32,60,5,2,-74.1533563,40.7445526,NJ,84042089,1465052400,58,0,1
46817,46818,0,0,1,0,6,1,1,4374,667,3,1,2,1,37,70,5,2,-80.1372757,25.8176795,FL,68730694,1451746800,81,-3,1
47024,47025,0,0,1,0,1,0,1,1490,755,3,0,2,1,37,61,5,2,-84.3857442,30.4649282,FL,50971271,1422457200,62,-1,1
47145,47146,0,0,1,0,5,1,0,4454,662,2,0,1,0,52,72,5,2,-74.0079781,40.6560436,NY,45018254,1428332400,50,0,1
47156,47157,0,0,2,0,2,1,2,3386,693,2,3,1,0,52,77,5,2,-78.7589558,42.9202891,NY,94325308,1470236400,67,2,1
47233,47234,0,0,0,0,8,1,4,2470,682,2,1,1,0,35,58,4,2,-82.8263615,27.8497836,FL,13469725,1524150000,85,0,0
47315,47316,0,0,1,0,7,3,2,1616,746,2,0,3,1,44,74,4,2,-73.8801301,40.841618,NY,64855168,1437231600,1,2,1
47470,47471,1,1,2,0,7,1,0,3868,621,2,2,1,0,51,76,3,2,-82.4427769,28.0563834,FL,89806587,1538751600,100,2,1
47489,47490,1,1,1,0,0,1,2,538,750,1,0,1,1,60,81,6,2,-75.040671,39.855156,NJ,72727367,1520348400,99,1,1
47553,47554,1,1,1,0,0,1,0,3533,677,1,3,1,2,71,55,5,2,-93.3439291,44.9091984,MN,41926877,1465052400,44,-1,0
47741,47742,1,0,1,0,5,1,3,2951,589,1,3,2,1,46,84,4,3,-74.0123851,40.8924932,NJ,20229240,1467558000,93,1,1
47750,47751,0,0,1,0,8,2,4,2971,627,3,2,1,1,46,78,5,2,-73.9800645,40.74727,NY,47008638,1537196400,78,3,1
47803,47804,0,0,1,0,2,1,2,5861,751,3,2,1,1,45,72,6,2,-81.97,33.47,GA,76367741,1517756400,43,1,1
48053,48054,0,0,2,1,1,0,1,1974,728,2,1,1,1,40,44,4,2,-80.2349196,25.7862401,FL,33263469,1425999600,81,-2,1
48226,48227,1,1,1,0,1,1,1,5852,655,1,2,2,2,47,73,7,2,-87.8991514,43.0439776,WI,30821916,1469458800,53,1,1
48246,48247,0,0,1,0,2,1,2,2140,599,1,2,1,0,43,73,1,1,-73.9065883,42.7765383,NY,44327715,1453993200,0,-1,0
48427,48428,1,1,1,0,2,2,4,4959,637,3,1,1,0,39,76,4,2,-75.1370254,39.7292456,NJ,46973842,1442934000,24,1,1
48525,48526,1,1,1,1,0,0,2,1552,674,3,2,1,0,44,74,6,2,-74.0828839,40.4174102,NJ,18898182,1514646000,4,-1,1
48726,48727,0,0,1,1,5,0,1,4397,698,1,3,2,0,37,34,4,2,-73.9154069,40.8515872,NY,73458039,1433084400,1,-1,0
48739,48740,0,0,2,1,5,0,0,5327,553,3,2,2,0,31,56,5,2,-85.098004,33.5718188,GA,30760696,1466521200,64,-1,1
48784,48785,1,1,0,0,4,0,1,4217,666,6,1,3,0,28,70,7,1,-81.7294702,30.3065729,FL,13469725,1463151600,56,-2,1
48803,48804,0,0,0,0,5,1,1,3538,666,3,1,2,1,31,74,6,2,-74.223802,40.695062,NJ,72727367,1445958000,98,-3,1
48838,48839,0,0,0,1,7,1,3,3820,620,1,0,3,0,22,67,5,4,-82.8506002,27.8889267,FL,54387185,1437663600,85,-1,0
48929,48930,1,1,1,0,7,2,4,6196,548,1,3,1,1,28,38,4,2,-74.0094471,40.6772802,NY,45682174,1446822000,50,1,0
49084,49085,0,0,0,0,1,2,0,12108,458,2,1,3,0,34,71,6,2,-81.3756862,28.5416658,FL,77642180,1537887600,49,0,1
49111,49112,1,1,2,0,2,0,0,3347,653,3,3,3,0,37,71,6,3,-93.2693572,44.9836543,MN,87412086,1513263600,44,-1,1
49160,49161,1,1,2,1,5,2,3,8428,581,2,2,2,0,53,78,5,3,-73.6389038,40.5895272,NY,33958256,1453129200,104,-2,1
